{"total_energy":17.33518414497374,"power_avg":0.34670368289947484,"duration":10}