{"total_energy":17.68896341323851,"power_avg":0.3468424198674218,"duration":10.2}