{"total_energy":17.68931079664229,"power_avg":0.3468492313067115,"duration":10.2}