{"total_energy":17.699037531948072,"power_avg":0.34703995160682494,"duration":10.2}